City_ID,City,Country,Lat,Lng,Max Temp,Humidity,Cloudiness,Wind Speed,Current Description
0,Nabire,ID,-3.3667,135.4833,75.54,92,100,3.56,overcast clouds
1,Dicabisagan,PH,17.0818,122.4157,75.52,88,100,6.51,overcast clouds
2,Rikitea,PF,-23.1203,-134.9692,78.26,72,76,12.1,light rain
3,Olafsvik,IS,64.8945,-23.7142,29.8,93,100,10.89,snow
4,Coihaique,CL,-45.5752,-72.0662,78.49,35,100,10.13,overcast clouds
5,Dingle,PH,10.9995,122.6711,74.28,93,91,6.38,overcast clouds
6,Hobart,AU,-42.8794,147.3294,60.66,83,75,12.66,broken clouds
7,Avarua,CK,-21.2078,-159.775,80.65,78,100,4.61,overcast clouds
8,Mahebourg,MU,-20.4081,57.7,81.25,84,86,13.56,light rain
9,Saint George,US,37.1041,-113.5841,70.36,18,0,5.01,clear sky
10,Pucara,PE,-15.9803,-71.4606,42.4,69,98,11.77,light rain
11,Vanavara,RU,60.34,102.2797,-23.44,99,23,4.36,few clouds
12,Hilo,US,19.7297,-155.09,76.24,82,3,4.0,clear sky
13,Kodiak,US,57.79,-152.4072,34.61,78,10,3.85,clear sky
14,Mezen,RU,65.8522,44.24,-0.36,99,69,4.29,broken clouds
15,Atasu,KZ,48.6814,71.6433,26.01,96,100,12.21,light snow
16,Ushuaia,AR,-54.8,-68.3,40.66,81,100,26.46,moderate rain
17,Katsuura,JP,35.1333,140.3,38.1,97,100,30.96,overcast clouds
18,Silvino Lobos,PH,12.3,124.8333,70.7,98,100,1.95,overcast clouds
19,Inhambane,MZ,-23.865,35.3833,76.66,86,2,8.66,clear sky
20,Saint-Philippe,RE,-21.3585,55.7679,80.19,85,34,7.47,scattered clouds
21,Hermanus,ZA,-34.4187,19.2345,73.9,83,26,16.22,scattered clouds
22,Banda Aceh,ID,5.5577,95.3222,78.12,78,43,5.12,scattered clouds
23,Melnikovo,RU,56.5558,84.085,13.15,95,100,7.74,light snow
24,Bethel,US,41.3712,-73.414,31.19,70,100,10.36,light snow
25,Kruisfontein,ZA,-34.0033,24.7314,65.23,91,16,7.49,few clouds
26,Airai,TL,-8.9266,125.4092,58.48,90,37,1.92,scattered clouds
27,Barrow,US,71.2906,-156.7887,-23.17,100,100,8.14,overcast clouds
28,Thompson,CA,55.7435,-97.8558,-0.54,86,100,3.96,overcast clouds
29,Narsaq,GL,60.9167,-46.05,24.33,90,100,7.0,overcast clouds
30,Guerrero Negro,MX,27.9769,-114.0611,80.01,21,15,4.81,few clouds
31,Faanui,PF,-16.4833,-151.75,80.82,74,100,15.28,light rain
32,Nemuro,JP,43.3236,145.575,26.74,85,99,9.75,overcast clouds
33,Padang,ID,-0.9492,100.3543,76.5,84,100,4.0,overcast clouds
34,Port Augusta,AU,-32.5,137.7667,73.71,51,51,8.48,broken clouds
35,Vestmannaeyjar,IS,63.4427,-20.2734,33.6,74,98,28.48,overcast clouds
36,Krasnoselkup,RU,65.7,82.4667,-1.8,92,62,13.0,broken clouds
37,Atuona,PF,-9.8,-139.0333,77.54,79,24,14.74,light rain
38,Khatanga,RU,71.9667,102.5,-24.38,93,83,2.77,broken clouds
39,Vaini,TO,-21.2,-175.2,80.62,76,77,18.43,light rain
40,Hervey Bay,AU,-25.2986,152.8535,68.04,78,13,18.39,few clouds
41,Puerto Ayora,EC,-0.7393,-90.3518,78.55,87,87,5.99,overcast clouds
42,Majene,ID,-3.5403,118.9707,75.52,86,100,3.18,overcast clouds
43,Arraial Do Cabo,BR,-22.9661,-42.0278,80.56,74,40,16.11,scattered clouds
44,Nurota,UZ,40.5614,65.6886,28.49,63,53,5.99,broken clouds
45,Tual,ID,-5.6667,132.75,80.96,77,100,8.77,overcast clouds
46,Akyab,MM,20.15,92.9,64.33,57,87,7.4,overcast clouds
47,Santa Rosa,PH,14.3122,121.1114,78.12,89,100,7.07,overcast clouds
48,Xiongzhou,CN,25.1167,114.3,45.61,94,100,3.51,overcast clouds
49,Georgetown,MY,5.4112,100.3354,79.9,87,40,0.0,scattered clouds
50,Cape Town,ZA,-33.9258,18.4232,69.28,83,20,21.85,few clouds
51,Punta Arenas,CL,-53.15,-70.9167,50.11,50,40,39.12,scattered clouds
52,New Norfolk,AU,-42.7826,147.0587,60.3,71,90,0.98,overcast clouds
53,Mookane,BW,-23.688,26.6595,76.19,34,1,2.98,clear sky
54,Luderitz,NA,-26.6481,15.1594,75.22,62,0,12.1,clear sky
55,Alpena,US,45.0617,-83.4327,14.14,69,100,8.05,overcast clouds
56,Evensk,RU,61.95,159.2333,-5.31,73,30,9.13,scattered clouds
57,Soderhamn,SE,61.3037,17.0592,40.98,79,100,10.45,overcast clouds
58,Pevek,RU,69.7008,170.3133,-17.43,98,100,8.88,overcast clouds
59,Zeya,RU,53.75,127.2667,0.32,92,100,4.72,overcast clouds
60,Souillac,MU,-20.5167,57.5167,81.36,87,95,12.17,light rain
61,Bambous Virieux,MU,-20.3428,57.7575,81.21,83,81,13.71,broken clouds
62,Busselton,AU,-33.65,115.3333,63.05,75,0,11.5,clear sky
63,Maldonado,UY,-34.6667,-54.9167,67.39,49,8,15.84,clear sky
64,Norman Wells,CA,65.282,-126.8329,-6.32,93,100,6.87,overcast clouds
65,Sola,VU,-13.8833,167.55,82.11,77,100,18.77,overcast clouds
66,Verkhnevilyuysk,RU,63.4453,120.3167,-22.04,100,100,2.04,overcast clouds
67,Mount Darwin,ZW,-16.7725,31.5838,67.68,82,44,2.93,scattered clouds
68,Mataura,NZ,-46.1927,168.8643,48.47,97,27,2.95,scattered clouds
69,Cherskiy,RU,68.75,161.3,-21.01,97,100,7.94,overcast clouds
70,Hithadhoo,MV,-0.6,73.0833,82.15,75,67,9.46,broken clouds
71,Madeji,PK,27.7544,68.4526,62.96,25,0,5.12,clear sky
72,Albany,US,42.6001,-73.9662,26.33,53,100,1.01,overcast clouds
73,Hofn,IS,64.2539,-15.2082,21.42,59,16,10.71,few clouds
74,San Patricio,US,28.017,-97.5169,65.17,22,0,6.93,clear sky
75,Tuktoyaktuk,CA,69.4541,-133.0374,-33.25,99,57,3.2,broken clouds
76,Castro,BR,-24.7911,-50.0119,81.64,52,6,2.91,clear sky
77,Atar,MR,20.5169,-13.0499,71.78,17,100,9.06,overcast clouds
78,Monrovia,LR,6.3005,-10.7969,80.37,82,83,7.29,broken clouds
79,Sao Filipe,CV,14.8961,-24.4956,75.6,59,52,11.52,broken clouds
80,Seoul,KR,37.5683,126.9778,31.44,74,21,2.68,few clouds
81,Jamestown,US,42.097,-79.2353,21.29,33,100,3.0,overcast clouds
82,Plouzane,FR,48.3833,-4.6167,48.25,93,100,12.66,overcast clouds
83,Bilma,NE,18.6853,12.9164,69.84,11,0,6.6,clear sky
84,Port Alfred,ZA,-33.5906,26.891,72.9,84,96,10.2,overcast clouds
85,Auka,HN,14.9333,-83.8333,87.08,49,36,9.22,scattered clouds
86,Kavaratti,IN,10.5669,72.642,80.55,72,66,5.06,broken clouds
87,Pedreiras,BR,-4.5688,-44.6003,78.28,90,100,1.1,overcast clouds
88,Charcas,MX,23.1333,-101.1167,54.25,53,85,9.42,overcast clouds
89,Krasnogorskoye,RU,52.2953,86.1979,14.5,92,100,3.91,overcast clouds
90,Qaqortoq,GL,60.7167,-46.0333,25.43,88,100,8.23,overcast clouds
91,Berezovyy,RU,51.6667,135.7,6.62,98,100,2.33,overcast clouds
92,Sungairaya,ID,0.7,108.9,77.11,89,74,0.58,broken clouds
93,Zhuhai,CN,22.2769,113.5678,59.97,88,40,14.97,scattered clouds
94,Eureka,US,40.8021,-124.1637,48.81,65,82,5.01,broken clouds
95,Upernavik,GL,72.7868,-56.1549,-6.79,96,100,14.14,overcast clouds
96,Dikson,RU,73.5069,80.5464,-4.09,87,100,25.34,overcast clouds
97,Nikolskoye,RU,59.7035,30.7861,33.87,89,100,12.95,snow
98,Constitucion,CL,-35.3333,-72.4167,67.98,70,53,9.31,broken clouds
99,Saskylakh,RU,71.9167,114.0833,-16.6,86,26,3.22,scattered clouds
100,Fort Saint James,CA,54.4333,-124.25,34.38,88,100,2.44,overcast clouds
101,Egvekinot,RU,66.3167,-179.1667,-19.95,92,90,7.23,overcast clouds
102,Half Moon Bay,US,37.4636,-122.4286,77.61,53,0,0.0,clear sky
103,Anadyr,RU,64.75,177.4833,-40.07,99,85,6.85,overcast clouds
104,Bengkulu,ID,-3.8004,102.2655,76.21,89,100,3.96,light rain
105,Mar Del Plata,AR,-38.0023,-57.5575,67.87,60,7,8.01,clear sky
106,Praia,CV,14.9215,-23.5087,75.74,64,0,18.41,clear sky
107,Caravelas,BR,-17.7125,-39.2481,79.74,76,90,9.73,overcast clouds
108,Benguela,AO,-12.5763,13.4055,77.04,81,80,3.56,broken clouds
109,Yumen,CN,40.2833,97.2,27.16,42,100,12.41,overcast clouds
110,Bluff,NZ,-46.6,168.3333,49.8,87,9,6.11,clear sky
111,Iquique,CL,-20.2208,-70.1431,73.47,66,82,7.7,broken clouds
112,Aklavik,CA,68.2191,-135.0107,-20.51,96,100,3.13,light snow
113,Vardo,NO,70.3705,31.1107,26.58,63,75,24.16,broken clouds
114,Adre,TD,13.4667,22.2,73.02,11,100,14.88,overcast clouds
115,El Alto,PE,-4.2714,-81.2147,75.45,68,98,13.98,overcast clouds
116,Ilulissat,GL,69.2167,-51.1,24.82,54,100,19.57,overcast clouds
117,Torbay,CA,47.6666,-52.7314,41.76,65,95,8.99,overcast clouds
118,Tashtyp,RU,52.7939,89.8983,5.67,97,100,1.14,overcast clouds
119,Naron,ES,43.5167,-8.1528,53.02,80,54,16.8,broken clouds
120,Piacabucu,BR,-10.4056,-36.4344,83.53,69,79,14.88,broken clouds
121,Port Moresby,PG,-9.4431,147.1797,75.31,85,12,6.4,few clouds
122,Athabasca,CA,54.7169,-113.2854,31.69,75,78,10.69,broken clouds
123,Gamba,GA,-2.65,10.0,77.68,86,95,4.12,light rain
124,Manicore,BR,-5.8092,-61.3003,80.78,80,100,1.16,overcast clouds
125,Gat,IL,31.61,34.7642,55.4,100,0,0.74,clear sky
126,Berdigestyakh,RU,62.0989,126.6992,-28.59,100,100,1.59,overcast clouds
127,Valls,ES,41.2861,1.2499,54.68,80,40,5.75,scattered clouds
128,Puerto Del Rosario,ES,28.5004,-13.8627,65.95,77,20,9.22,few clouds
129,East London,ZA,-33.0153,27.9116,73.54,82,71,8.32,broken clouds
130,Kachug,RU,53.9606,105.8817,-30.78,100,86,1.66,overcast clouds
131,Vila Velha,BR,-20.3297,-40.2925,82.35,83,75,13.8,broken clouds
132,Bredasdorp,ZA,-34.5322,20.0403,68.29,80,92,13.53,overcast clouds
133,Chuy,UY,-33.6971,-53.4616,72.5,40,1,13.87,clear sky
134,Roma,US,43.2128,-75.4557,22.66,59,100,3.0,overcast clouds
135,Port Elizabeth,ZA,-33.918,25.5701,70.09,78,75,12.66,broken clouds
136,Carnarvon,AU,-24.8667,113.6333,77.07,88,3,5.75,clear sky
137,Panguna,PG,-6.3164,155.4848,69.01,94,90,1.45,overcast clouds
138,Koulamoutou,GA,-1.1303,12.4736,73.78,91,79,1.21,broken clouds
139,Bangassou,CF,4.7413,22.8184,79.39,27,100,1.54,overcast clouds
140,Tete,MZ,-16.1564,33.5867,74.34,90,68,2.84,broken clouds
141,Ratnagiri,IN,16.9833,73.3,72.97,63,3,9.06,clear sky
142,Rioja,AR,-29.4111,-66.8507,81.64,44,46,5.01,scattered clouds
143,Luwuk,ID,-0.9516,122.7875,76.62,85,100,3.0,overcast clouds
144,Marrakesh,MA,31.6315,-8.0083,64.47,25,0,4.61,clear sky
145,Nanortalik,GL,60.1432,-45.2371,29.03,80,100,9.42,overcast clouds
146,Broken Hill,AU,-31.95,141.4333,78.53,30,100,15.55,overcast clouds
147,Comodoro Rivadavia,AR,-45.8667,-67.5,82.26,32,40,17.27,scattered clouds
148,Tromso,NO,69.6496,18.957,23.02,68,75,9.22,broken clouds
149,Waverly,US,42.7392,-84.6208,22.17,81,100,6.91,snow
150,Ferme-Neuve,CA,46.7001,-75.4493,4.73,68,59,4.94,broken clouds
151,Kaitangata,NZ,-46.2817,169.8464,50.0,86,16,2.86,few clouds
152,Paamiut,GL,61.994,-49.6678,12.7,95,100,19.13,light snow
153,Lebu,CL,-37.6167,-73.65,65.7,72,84,11.63,broken clouds
154,Gimli,CA,50.6336,-96.9907,-2.87,97,100,17.07,snow
155,Beira,MZ,-19.8436,34.8389,80.69,83,20,9.22,few clouds
156,Yellowknife,CA,62.456,-114.3525,-11.58,75,75,4.61,broken clouds
157,Rocha,UY,-34.4833,-54.3333,68.22,50,3,15.26,clear sky
158,Tondano,ID,1.3038,124.9112,64.49,92,80,0.76,broken clouds
159,Quatre Cocos,MU,-20.2078,57.7625,81.09,83,76,14.34,broken clouds
160,Saldanha,ZA,-33.0117,17.9442,69.85,90,0,20.18,clear sky
161,Kadyy,RU,57.787,43.1903,10.15,100,95,4.21,overcast clouds
162,Bilibino,RU,68.0546,166.4372,-32.6,100,87,2.37,overcast clouds
163,Cap Malheureux,MU,-19.9842,57.6142,81.46,78,90,5.01,overcast clouds
164,Port Lincoln,AU,-34.7333,135.8667,65.95,85,92,9.98,overcast clouds
165,Yar-Sale,RU,66.8333,70.8333,-12.03,94,100,9.08,overcast clouds
166,Pingliang,CN,35.5392,106.6861,20.17,89,29,4.81,scattered clouds
167,Poya,NC,-21.35,165.15,79.2,85,100,4.07,overcast clouds
168,Acara,BR,-1.9608,-48.1967,76.71,97,100,1.83,overcast clouds
169,Praia Da Vitoria,PT,38.7333,-27.0667,57.76,70,97,7.07,overcast clouds
170,Cabo San Lucas,MX,22.8909,-109.9124,82.51,59,99,1.99,overcast clouds
171,Mecca,SA,21.4267,39.8261,75.67,38,0,2.46,clear sky
172,Yerbogachen,RU,61.2767,108.0108,-29.34,100,92,3.49,overcast clouds
173,Klyuchi,RU,52.2667,79.1667,23.95,94,100,11.92,overcast clouds
174,Qeshm,IR,26.9581,56.2719,60.67,65,99,6.49,overcast clouds
175,Erenhot,CN,43.6475,111.9767,-6.77,93,9,4.29,clear sky
176,Salalah,OM,17.0151,54.0924,74.52,40,1,15.84,clear sky
177,Manacapuru,BR,-3.2997,-60.6206,79.93,84,100,3.47,light rain
178,Tomaszow Lubelski,PL,50.4477,23.4162,32.81,75,65,10.33,broken clouds
179,Hasaki,JP,35.7333,140.8333,36.0,92,100,33.24,overcast clouds
180,Jacmel,HT,18.2342,-72.5347,81.34,59,16,7.02,few clouds
181,Asyut,EG,27.181,31.1837,60.98,43,0,9.71,clear sky
182,Longyearbyen,SJ,78.2186,15.6401,9.7,96,100,2.62,overcast clouds
183,Redmond,US,47.674,-122.1215,59.45,61,4,1.01,clear sky
184,Manokwari,ID,-0.8667,134.0833,77.68,79,100,5.99,overcast clouds
185,Tianmen,CN,30.6516,113.1603,39.07,84,1,2.95,clear sky
186,Itarema,BR,-2.9248,-39.9167,82.27,72,8,13.76,clear sky
187,Takoradi,GH,4.8845,-1.7554,79.52,84,24,8.37,light rain
188,Chapais,CA,49.7834,-74.8492,-6.02,78,100,2.77,overcast clouds
189,Kapaa,US,22.0752,-159.319,77.11,71,46,4.0,scattered clouds
190,Regina,CA,50.4501,-104.6178,36.03,71,75,31.07,broken clouds
191,Alofi,NU,-19.0595,-169.9187,78.69,89,100,6.91,overcast clouds
192,Santa Maria,BR,-29.6842,-53.8069,88.07,18,0,11.01,clear sky
193,Qaanaaq,GL,77.484,-69.3632,-7.82,89,100,2.95,overcast clouds
194,Bambanglipuro,ID,-7.95,110.2833,61.61,94,100,5.84,heavy intensity rain
195,Thai Binh,VN,20.45,106.3333,57.2,81,100,8.66,overcast clouds
196,Salaverry,PE,-8.2333,-78.9667,70.97,80,93,9.62,overcast clouds
197,Prince Rupert,CA,54.3161,-130.3201,42.89,87,100,12.66,overcast clouds
198,Chongwe,ZM,-15.3292,28.682,64.35,94,99,1.54,overcast clouds
199,San Jeronimo,PE,-11.9472,-75.2829,55.96,71,100,4.65,overcast clouds
200,Sitka,US,57.0531,-135.33,39.07,89,100,4.97,light rain
201,San Jose,US,37.3394,-121.895,78.57,46,0,4.61,clear sky
202,San Quintin,MX,30.4833,-115.95,76.03,20,9,7.52,clear sky
203,Howard Springs,AU,-12.497,131.047,78.71,95,79,5.03,broken clouds
204,Yantai,CN,37.5333,121.4,34.32,99,100,7.9,light snow
205,Freeport,US,40.6576,-73.5832,33.53,84,100,10.36,light snow
206,Ames,US,42.0347,-93.6199,16.3,71,20,5.75,few clouds
207,Axim,GH,4.8699,-2.2405,79.39,86,7,7.96,clear sky
208,Oranjestad,AW,12.524,-70.027,78.42,82,7,22.01,clear sky
209,Filingue,NE,14.3521,3.3168,78.37,9,2,7.07,clear sky
210,Taoudenni,ML,22.6783,-3.9836,66.18,22,0,11.59,clear sky
211,Port Hardy,CA,50.6996,-127.4199,46.76,66,100,7.72,overcast clouds
212,Strasice,CZ,49.7355,13.7576,37.74,83,0,1.01,clear sky
213,Necochea,AR,-38.5473,-58.7368,69.94,36,1,7.11,clear sky
214,Ribeira Grande,PT,38.5167,-28.7,59.4,67,40,5.75,scattered clouds
215,Roanoke Rapids,US,36.4615,-77.6542,46.04,81,100,8.05,light intensity drizzle
216,Ocos,GT,14.5094,-92.1933,94.24,59,0,9.75,clear sky
217,Gejiu,CN,23.306,103.1635,40.03,93,35,3.31,scattered clouds
218,Port Macquarie,AU,-31.4333,152.9167,63.9,79,99,2.04,overcast clouds
219,Papara,BR,-3.9839,-38.7273,82.8,66,26,7.72,scattered clouds
220,Touros,BR,-5.1989,-35.4608,82.08,71,10,12.5,clear sky
221,Fort Nelson,CA,58.8053,-122.7002,9.5,92,89,2.75,overcast clouds
222,Goundi,TD,9.3627,17.366,84.15,13,99,4.09,overcast clouds
223,Diego De Almagro,CL,-26.3667,-70.05,82.15,16,8,13.78,clear sky
224,Beaverlodge,CA,55.2166,-119.4361,35.38,69,100,5.39,overcast clouds
225,Udachnyy,RU,66.4167,112.4,-21.95,94,63,1.79,broken clouds
226,Ovalle,CL,-30.5983,-71.2003,80.53,42,0,11.92,clear sky
227,Leshukonskoye,RU,64.8989,45.7622,4.17,99,92,4.09,overcast clouds
228,Tukrah,LY,32.5341,20.5791,53.91,76,0,2.48,clear sky
229,Chokurdakh,RU,70.6333,147.9167,-4.25,96,100,10.49,overcast clouds
230,Goma,CD,-1.6792,29.2228,62.38,86,70,3.96,broken clouds
231,Lagoa,PT,39.05,-27.9833,56.43,61,92,5.41,overcast clouds
232,Waddan,LY,29.1614,16.139,55.78,39,0,10.51,clear sky
233,Fuengirola,ES,36.54,-4.6247,56.84,88,0,4.61,clear sky
234,Muros,ES,42.7762,-9.0603,56.84,71,9,18.28,clear sky
235,Port Hueneme,US,34.1478,-119.1951,88.77,18,0,6.91,clear sky
236,Lavrentiya,RU,65.5833,-171.0,-22.0,93,25,2.86,scattered clouds
237,Cockburn Town,TC,21.4612,-71.1419,77.88,78,0,15.93,clear sky
238,Port Hawkesbury,CA,45.6169,-61.3485,27.88,80,100,8.99,overcast clouds
239,Opuwo,NA,-18.0607,13.84,69.98,84,99,9.15,light rain
240,Butaritari,KI,3.0707,172.7902,81.77,75,52,12.62,broken clouds
241,Boizenburg,DE,53.3833,10.7167,42.57,79,100,12.97,overcast clouds
242,Tasiilaq,GL,65.6145,-37.6368,19.56,71,100,9.89,overcast clouds
243,Margate,GB,51.3813,1.3862,49.96,86,100,11.99,light rain
244,Niksic,ME,42.7731,18.9445,37.27,97,100,1.34,overcast clouds
245,Provideniya,RU,64.3833,-173.3,-14.48,95,19,3.15,few clouds
246,Tiksi,RU,71.6872,128.8694,-12.95,93,11,11.83,few clouds
247,Taltal,CL,-25.4,-70.4833,71.46,68,14,7.52,few clouds
248,Puerto Carreno,CO,6.189,-67.4859,96.37,30,44,8.25,scattered clouds
249,Cumaral,CO,4.2708,-73.4867,94.55,31,99,6.64,overcast clouds
250,Abu Samrah,SY,35.3029,37.1841,50.67,59,0,5.93,clear sky
251,Shelburne,CA,44.0787,-80.2041,15.13,67,100,3.65,overcast clouds
252,Dembi Dolo,ET,8.5333,34.8,67.42,48,42,2.42,scattered clouds
253,Severo-Kurilsk,RU,50.6789,156.125,21.92,70,36,10.22,scattered clouds
254,Avanigadda,IN,16.0215,80.9181,70.2,82,12,4.43,few clouds
255,Ardesen,TR,41.1911,40.9875,39.16,85,100,3.15,overcast clouds
256,Palmer,US,42.1584,-72.3287,31.91,64,100,5.75,overcast clouds
257,Clyde River,CA,70.4692,-68.5914,-23.57,69,75,11.5,broken clouds
258,Pecos,US,31.4229,-103.4932,61.3,23,0,0.0,clear sky
259,Geraldton,AU,-28.7667,114.6,73.81,88,100,6.91,overcast clouds
260,Sobolevo,RU,54.4299,31.8996,23.65,84,56,13.38,broken clouds
261,Russkiy Aktash,RU,55.0384,52.1214,18.75,97,96,4.41,overcast clouds
262,Kijang,KR,35.2442,129.2139,44.28,80,100,9.19,overcast clouds
263,Erzin,TR,36.9559,36.2,43.32,76,97,2.46,overcast clouds
264,Channel-Port Aux Basques,CA,47.5702,-59.1367,23.95,71,100,16.69,overcast clouds
265,Camacha,PT,33.0833,-16.3333,57.96,67,20,10.36,few clouds
266,Murgab,TM,37.4966,61.9714,43.25,39,3,0.76,clear sky
267,Puerto Madryn,AR,-42.7692,-65.0385,86.9,22,0,18.66,clear sky
268,Narrabri,AU,-30.3167,149.7833,61.52,78,0,1.01,clear sky
269,Ngunguru,NZ,-35.6167,174.5,61.16,66,83,7.36,broken clouds
270,Flagstaff,US,35.1981,-111.6513,62.17,12,0,1.01,clear sky
271,Malatya,TR,38.5,38.0,26.65,80,0,4.61,clear sky
272,Talnakh,RU,69.4865,88.3972,-7.26,70,17,9.15,few clouds
273,Poitiers,FR,46.5833,0.3333,55.81,62,100,13.8,overcast clouds
274,Bathsheba,BB,13.2167,-59.5167,77.68,73,59,17.47,broken clouds
275,Kalakamati,BW,-20.5929,27.3121,72.37,46,45,12.1,scattered clouds
276,Bontang,ID,0.1333,117.5,77.32,86,94,3.58,overcast clouds
277,Murupara,NZ,-38.4667,176.7,61.41,63,6,3.94,clear sky
278,Wanaka,NZ,-44.7,169.15,46.11,80,0,1.99,clear sky
279,Fernley,US,39.608,-119.2518,67.03,23,1,2.46,clear sky
280,Sidney,AU,-33.8679,151.2073,65.5,87,75,5.75,broken clouds
281,Kloulklubed,PW,7.0419,134.2556,80.71,83,100,20.92,overcast clouds
282,Beloha,MG,-25.1667,45.05,75.83,87,29,14.72,scattered clouds
283,Pangnirtung,CA,66.1451,-65.7125,-33.38,97,95,3.89,overcast clouds
284,Cayenne,GF,4.9333,-52.3333,82.44,83,75,17.27,light rain
285,Jardim,BR,-21.4803,-56.1381,97.07,25,73,6.98,broken clouds
286,Matara,LK,5.9485,80.5353,74.19,86,100,9.95,overcast clouds
287,Iqaluit,CA,63.7506,-68.5145,-16.31,75,100,3.44,overcast clouds
288,Husavik,IS,66.0449,-17.3389,10.47,80,71,14.05,broken clouds
289,Te Anau,NZ,-45.4167,167.7167,47.35,88,34,1.59,scattered clouds
290,Heinola,FI,61.2056,26.0381,33.89,97,100,11.97,overcast clouds
291,Carupano,VE,10.6678,-63.2585,81.41,63,98,16.17,overcast clouds
292,Vikhorevka,RU,56.1201,101.1636,-15.21,100,100,1.14,overcast clouds
293,Reynosa,MX,26.0833,-98.2833,63.99,22,0,4.61,clear sky
294,Kalmunai,LK,7.4167,81.8167,76.03,83,98,6.33,overcast clouds
295,Penzance,GB,50.1186,-5.5371,49.21,78,100,25.43,overcast clouds
296,Mehamn,NO,71.0357,27.8492,21.38,93,100,16.24,snow
297,Poum,NC,-20.2333,164.0167,81.57,78,94,13.53,overcast clouds
298,Grand Gaube,MU,-20.0064,57.6608,81.37,78,89,5.01,overcast clouds
299,Kudahuvadhoo,MV,2.6708,72.8944,81.55,78,100,10.83,overcast clouds
300,Lafiagi,NG,8.8667,5.4167,88.21,13,62,2.55,broken clouds
301,Pacific Grove,US,36.6177,-121.9166,80.8,60,0,4.61,clear sky
302,Lethem,GY,3.3803,-59.7968,93.07,39,99,12.59,overcast clouds
303,Lamlash,GB,55.5336,-5.1296,42.73,95,100,13.58,overcast clouds
304,Lorengau,PG,-2.0226,147.2712,80.33,79,100,1.54,overcast clouds
305,Dalvik,IS,65.9702,-18.5286,18.3,46,87,9.31,overcast clouds
306,Mogwase,ZA,-25.185,27.2665,72.57,30,75,3.44,broken clouds
307,Dubti,ET,11.7361,41.0853,83.44,44,0,13.38,clear sky
308,Vilcun,CL,-38.65,-72.2333,88.9,18,99,8.01,overcast clouds
309,Terpsithea,GR,39.6167,22.3667,46.74,83,75,0.0,broken clouds
310,Thunder Bay,CA,48.4001,-89.3168,6.57,52,20,6.91,few clouds
311,Aykhal,RU,66.0,111.5,-8.77,50,15,0.96,few clouds
312,Mount Isa,AU,-20.7333,139.5,73.17,88,33,0.0,scattered clouds
313,Ngaoundere,CM,7.3167,13.5833,69.91,18,20,4.76,few clouds
314,Ostrovnoy,RU,68.0531,39.5131,15.66,66,100,17.31,overcast clouds
315,Hami,CN,42.8,93.45,26.29,51,73,5.59,broken clouds
316,Gewane,ET,10.1664,40.6453,82.6,37,99,6.82,overcast clouds
317,Biak,ID,-0.9131,122.8766,75.24,85,100,4.79,overcast clouds
318,Mayo,US,38.8876,-76.5119,35.58,80,100,11.5,light snow
319,Luganville,VU,-15.5333,167.1667,80.06,86,100,10.45,overcast clouds
320,Fortuna,US,40.5982,-124.1573,48.54,54,84,3.83,broken clouds
321,Huarmey,PE,-10.0681,-78.1522,77.31,69,5,12.41,clear sky
322,Pisco,PE,-13.7,-76.2167,77.83,61,10,11.79,clear sky
323,Pingzhuang,CN,42.0372,119.2889,6.8,88,100,9.6,overcast clouds
324,Olinda,BR,-8.0089,-34.8553,82.98,69,3,10.89,clear sky
325,Neryungri,RU,56.6709,124.6491,-34.96,100,66,2.06,broken clouds
326,Bonaventure,CA,48.0457,-65.4926,7.84,78,24,8.52,few clouds
327,Abnub,EG,27.2696,31.1511,59.07,44,0,9.6,clear sky
328,Jibuti,DJ,11.5,42.5,70.56,70,1,12.28,clear sky
329,Cidreira,BR,-30.1811,-50.2056,70.32,91,100,7.7,overcast clouds
330,Bolshaya Glushitsa,RU,50.2406,43.5908,23.74,95,8,6.67,clear sky
331,Zhanaozen,KZ,43.3,52.8,30.24,67,6,12.03,clear sky
332,Rawson,AR,-43.3002,-65.1023,89.74,21,0,19.89,clear sky
333,Hamilton,US,39.1834,-84.5333,31.35,55,70,4.0,broken clouds
334,Charters Towers,AU,-20.1,146.2667,68.85,82,1,7.16,clear sky
335,Adelaide,AU,-34.9333,138.6,69.42,52,0,3.44,clear sky
336,Srandakan,ID,-7.9386,110.2506,61.74,93,100,5.91,heavy intensity rain
337,Kamaishi,JP,39.2667,141.8833,32.72,69,100,3.87,overcast clouds
338,Waspan,NI,14.7419,-83.9717,78.48,49,43,8.66,scattered clouds
339,Hun,LY,29.1268,15.9477,55.78,38,0,9.75,clear sky
340,Bullhead City,US,35.1478,-114.5683,81.28,10,0,19.57,clear sky
341,Kavieng,PG,-2.5744,150.7967,80.74,78,96,6.8,overcast clouds
342,Bandarbeyla,SO,9.4942,50.8122,75.24,65,16,18.37,few clouds
343,Shingu,JP,33.7333,135.9833,45.91,87,100,4.81,overcast clouds
344,Isangel,VU,-19.55,169.2667,80.26,85,68,7.96,broken clouds
345,Ozernovskiy,RU,51.5,156.5167,17.96,56,9,6.38,clear sky
346,Riviere-Au-Renard,CA,48.9957,-64.3971,3.92,84,76,11.77,broken clouds
347,La Ronge,CA,55.1001,-105.2842,12.25,84,100,10.4,overcast clouds
348,Coquimbo,CL,-29.9533,-71.3436,69.24,68,5,7.38,clear sky
349,Velyka Lepetykha,UA,47.1757,33.9436,33.01,58,0,5.84,clear sky
350,Hay River,CA,60.8156,-115.7999,-11.29,85,98,3.4,overcast clouds
351,Vao,NC,-22.6667,167.4833,79.57,85,100,7.85,overcast clouds
352,Kamenka,RU,51.3223,42.7678,13.64,95,12,7.92,few clouds
353,Bodden Town,KY,19.2833,-81.25,84.99,69,0,3.0,clear sky
354,Ponta Do Sol,PT,32.6667,-17.1,65.07,73,96,2.33,overcast clouds
355,Nakamura,JP,32.9833,132.9333,44.01,94,100,3.33,overcast clouds
356,Pasni,PK,25.2631,63.471,70.75,70,56,9.08,broken clouds
357,Homer,US,59.6425,-151.5483,34.77,94,100,0.0,mist
358,Turukhansk,RU,65.8167,87.9833,-7.42,88,17,11.41,few clouds
359,Leningradskiy,RU,69.3833,178.4167,-16.15,93,97,5.91,overcast clouds
360,Brae,GB,60.3964,-1.353,39.11,88,100,11.25,overcast clouds
361,Kibala,TD,9.1104,18.3463,84.96,13,100,4.32,overcast clouds
362,Puri,IN,19.8,85.85,59.52,56,6,7.14,clear sky
363,Balabac,PH,7.9868,117.0645,80.35,79,100,13.51,overcast clouds
364,Klaksvik,FO,62.2266,-6.589,34.72,66,100,30.33,overcast clouds
365,Waipawa,NZ,-41.4122,175.5153,54.45,82,100,12.17,overcast clouds
366,Esperance,AU,-33.8667,121.9,61.59,74,0,10.65,clear sky
367,Codrington,AU,-38.2667,141.9667,59.86,89,61,6.78,broken clouds
368,Minas,UY,-34.3759,-55.2377,66.52,43,5,16.44,clear sky
369,Limon,CR,10.0,-83.0333,82.29,74,75,12.66,broken clouds
370,Dongsheng,CN,39.8161,109.9776,6.93,63,62,0.18,broken clouds
371,Kutum,SD,14.2,24.6667,64.87,13,10,9.93,clear sky
372,Borger,NL,52.9233,6.7931,48.78,72,100,22.32,overcast clouds
373,Bac Lieu,VN,9.285,105.7244,78.71,82,12,11.86,few clouds
374,Victoria,HK,22.2855,114.1577,60.24,87,100,8.99,overcast clouds
375,Boyle,US,37.6334,-84.8666,35.69,43,0,0.0,clear sky
376,Dunedin,NZ,-45.8742,170.5036,54.81,76,5,3.36,clear sky
377,Seaford,GB,50.7714,0.1027,50.7,92,100,20.0,light rain
378,Mayumba,GA,-3.432,10.6554,78.31,87,100,4.65,light rain
379,Hirara,JP,24.8,125.2833,66.42,84,100,23.15,overcast clouds
380,Donskoye,RU,45.4552,41.9741,30.33,69,0,4.56,clear sky
381,Madang,PG,-5.2246,145.7966,75.06,94,100,4.76,overcast clouds
382,Dronfield,GB,53.3022,-1.4751,49.98,95,100,1.01,light rain
383,Izhma,RU,65.0083,53.9113,-0.78,99,67,4.65,broken clouds
384,The Pas,CA,53.8251,-101.2541,5.02,72,0,6.91,clear sky
385,Nalut,LY,30.3333,10.85,56.73,25,43,11.23,scattered clouds
386,Bubaque,GW,11.2833,-15.8333,78.37,69,5,13.94,clear sky
387,Korla,CN,41.7597,86.1469,29.28,46,0,4.54,clear sky
388,Lages,BR,-27.8161,-50.3261,76.51,58,75,7.56,broken clouds
389,Rio Gallegos,AR,-51.6226,-69.2181,54.5,31,6,43.2,clear sky
390,Januaria,BR,-15.4833,-44.3667,80.74,77,17,2.21,few clouds
391,Dudinka,RU,69.4058,86.1778,-14.91,88,13,6.93,few clouds
392,Montepuez,MZ,-13.1256,38.9997,70.05,98,95,3.31,light rain
393,Honiara,SB,-9.4333,159.95,78.57,85,90,4.61,overcast clouds
394,Virginia Beach,US,36.8529,-75.978,42.03,74,100,4.0,overcast clouds
395,Samarai,PG,-10.6167,150.6667,80.15,75,32,5.86,scattered clouds
396,Kapoeta,SS,4.7717,33.5903,87.01,26,80,4.09,broken clouds
397,Souris,CA,49.6172,-100.2612,19.6,94,100,10.87,overcast clouds
398,San Rafael,AR,-34.6177,-68.3301,88.3,14,0,13.58,clear sky
399,Karratha,AU,-20.7377,116.8463,84.02,63,84,7.49,broken clouds
400,Champerico,GT,14.3,-91.9167,94.28,56,2,9.53,clear sky
401,Morgan City,US,29.6994,-91.2068,57.04,26,0,12.66,clear sky
402,Vitim,RU,59.4511,112.5578,-25.67,100,83,1.14,broken clouds
403,Cienfuegos,CU,22.1461,-80.4356,85.01,70,20,12.66,few clouds
404,Griffith,US,41.5284,-87.4237,20.12,58,75,11.5,broken clouds
405,Komsomolskiy,UZ,40.4272,71.7189,38.12,87,75,4.61,mist
406,Moranbah,AU,-22.0016,148.0466,68.79,86,22,16.73,few clouds
407,Khandyga,RU,62.6667,135.6,-42.2,100,69,2.33,broken clouds
408,Tuatapere,NZ,-46.1333,167.6833,49.82,83,11,4.07,few clouds
409,Sabha,LY,27.0377,14.4283,57.06,24,0,8.81,clear sky
410,Kuah,MY,6.3265,99.8432,80.62,77,68,13.56,broken clouds
411,Nha Trang,VN,12.25,109.1833,77.0,89,79,5.1,broken clouds
412,San Ramon,US,37.7799,-121.978,75.11,52,2,3.0,clear sky
413,Larsnes,NO,62.2028,5.5773,39.6,94,100,7.09,light rain
414,Zimapan,MX,20.75,-99.35,40.15,91,100,5.73,overcast clouds
415,Omboue,GA,-1.5746,9.2618,78.51,84,99,3.94,light rain
416,Bage,BR,-31.3314,-54.1069,74.98,31,0,10.36,clear sky
417,Borisoglebskiy,RU,57.2586,39.1508,29.84,92,100,9.91,light snow
418,Novosil,RU,52.9739,37.0405,20.88,90,89,11.07,overcast clouds
419,Launceston,AU,-41.45,147.1667,58.15,93,75,6.91,broken clouds
420,San Cristobal,VE,7.7669,-72.225,85.73,36,97,4.59,overcast clouds
421,Villarrobledo,ES,39.2699,-2.6012,51.28,71,100,13.51,overcast clouds
422,Bluffton,US,32.2371,-80.8604,66.16,52,40,3.44,scattered clouds
423,Raudeberg,NO,61.9875,5.1352,39.87,94,100,3.0,light rain
424,Karaman,TR,37.0833,33.25,26.94,90,30,2.73,scattered clouds
425,Navashino,RU,55.5292,42.2003,29.3,95,100,8.14,snow
426,Banff,CA,51.1762,-115.5698,39.92,77,98,2.24,overcast clouds
427,Recco,IT,44.3623,9.1435,48.43,66,54,2.59,broken clouds
428,Bukama,CD,-9.2,25.85,69.51,97,100,2.21,moderate rain
429,Kenitra,MA,34.261,-6.5802,60.84,83,41,4.5,scattered clouds
430,Vilyuysk,RU,63.7553,121.6247,-25.96,100,100,1.28,overcast clouds
431,Labuhan,ID,-6.8844,112.2051,75.9,91,100,4.05,overcast clouds
432,Gabaldon,PH,15.4522,121.3387,73.11,93,100,4.05,overcast clouds
433,Trairi,BR,-3.2778,-39.2689,81.79,74,14,10.63,few clouds
434,Buala,SB,-8.145,159.5921,79.0,83,99,6.31,light rain
435,Pemangkat,ID,1.1667,108.9667,78.3,86,97,1.74,overcast clouds
436,Lata,PT,40.1629,-8.3327,54.05,97,54,5.64,broken clouds
437,Phalaborwa,ZA,-23.943,31.1411,76.75,47,0,2.75,clear sky
438,Flinders,AU,-34.5833,150.8552,68.38,80,100,5.01,overcast clouds
439,Acapulco,MX,16.8634,-99.8901,86.59,49,52,9.78,broken clouds
440,Ulladulla,AU,-35.35,150.4667,63.88,79,100,7.16,overcast clouds
441,Kahului,US,20.8947,-156.47,76.96,83,17,8.01,few clouds
442,Tombouctou,ML,20.0,-3.0,64.67,18,27,10.6,scattered clouds
443,Moba,CN,33.2288,105.0179,28.49,92,59,2.17,broken clouds
444,Borogontsy,RU,62.6683,131.1683,-39.6,100,50,2.24,scattered clouds
445,Parana,AR,-31.732,-60.5238,87.55,29,0,4.5,clear sky
446,Teya,RU,60.3778,92.6267,-17.01,100,22,3.38,few clouds
447,Nagua,DO,19.3832,-69.8474,84.51,65,20,0.0,few clouds
448,Nome,US,64.5011,-165.4064,-11.83,75,5,5.14,clear sky
449,Pitimbu,BR,-7.4706,-34.8086,84.79,70,4,10.45,clear sky
450,Zhanjiang,CN,21.2815,110.3427,56.97,80,100,8.72,overcast clouds
451,Tazovskiy,RU,67.4667,78.7,-9.89,97,21,10.74,few clouds
452,Sinnamary,GF,5.3833,-52.95,78.8,86,67,9.57,broken clouds
453,Iskateley,RU,67.6803,53.1512,-0.09,98,60,8.14,broken clouds
454,Hobyo,SO,5.3505,48.5268,77.16,74,79,16.06,broken clouds
455,Sao Joao Da Barra,BR,-21.6403,-41.0511,77.9,85,11,12.86,few clouds
456,Rolla,US,37.9514,-91.7713,39.06,39,8,11.99,clear sky
457,Goulburn,AU,-34.75,149.7167,47.59,90,100,4.36,overcast clouds
458,Chor,PK,25.5167,69.7667,65.32,49,0,8.46,clear sky
459,San Luis,AR,-33.295,-66.3356,81.54,30,0,11.88,clear sky
460,Northam,GB,51.0333,-4.2167,48.02,93,100,21.56,overcast clouds
461,Bejar,ES,40.3864,-5.7634,43.57,97,100,11.99,overcast clouds
462,Amapa,BR,1.0,-52.0,79.14,93,100,3.51,moderate rain
463,Ahipara,NZ,-35.1667,173.1667,64.69,68,78,9.46,broken clouds
464,Tilichiki,RU,60.4667,166.1,-19.52,93,7,9.84,clear sky
465,Onokhoy,RU,51.932,108.0747,-29.29,99,89,2.86,overcast clouds
466,Ambilobe,MG,-13.2,49.05,73.31,94,82,2.13,light rain
467,Zhigansk,RU,66.7697,123.3711,-36.8,100,65,2.28,broken clouds
468,Kristiinankaupunki,FI,62.2743,21.376,35.37,96,100,17.16,overcast clouds
469,Ossora,RU,59.2353,163.0719,-9.26,79,60,7.54,broken clouds
470,Meulaboh,ID,4.1363,96.1285,76.33,90,88,4.85,overcast clouds
471,Lompoc,US,34.6391,-120.4579,87.01,30,0,6.91,clear sky
472,Hambantota,LK,6.1241,81.1185,75.99,81,100,11.3,overcast clouds
473,Riyadh,SA,24.6877,46.7219,53.74,30,0,7.63,clear sky
474,Namibe,AO,-15.1961,12.1522,75.52,80,100,3.24,overcast clouds
475,Chicama,PE,-7.8447,-79.1469,72.14,53,74,11.68,broken clouds
476,Malchin,DE,53.7333,12.7833,39.58,79,100,14.14,overcast clouds
477,Fomboni,KM,-12.28,43.7425,82.06,76,6,4.34,clear sky
478,Shar,KZ,49.5886,81.0453,21.58,95,100,14.43,snow
479,Boa Vista,BR,2.8197,-60.6733,91.38,40,40,16.11,scattered clouds
480,Savinka,RU,50.0785,47.0994,15.12,96,7,10.31,clear sky
481,Esil,KZ,51.9556,66.4042,8.83,94,100,5.53,overcast clouds
482,San Juan,AR,-31.5375,-68.5364,86.5,22,0,4.79,clear sky
483,Broome,US,42.2506,-75.833,24.37,60,100,8.05,overcast clouds
484,Chlorakas,CY,34.8042,32.4083,54.63,76,40,4.61,scattered clouds
485,Bulaevo,KZ,54.9056,70.4439,-12.05,100,58,5.14,broken clouds
486,Foam Lake,CA,51.65,-103.5343,18.07,90,100,17.29,overcast clouds
487,New Richmond,US,45.123,-92.5366,10.13,36,0,5.75,clear sky
488,Kotido,UG,2.9806,34.1331,79.09,30,60,11.43,broken clouds
489,Rutana,BI,-3.8667,30.1,56.8,90,96,3.49,light rain
490,Daryapur,IN,20.9333,77.3333,68.7,31,0,7.52,clear sky
491,Osmanabad,IN,18.1667,76.05,70.65,31,3,7.78,clear sky
492,Darfield,GB,53.5339,-1.376,51.12,95,100,5.99,overcast clouds
493,Tigil,RU,57.8,158.6667,-10.34,98,100,3.11,overcast clouds
494,Jalu,LY,29.0331,21.5482,56.95,48,81,7.45,broken clouds
495,Panjab,AF,34.388,67.0233,17.87,96,100,1.88,overcast clouds
496,Namatanai,PG,-3.6667,152.4333,78.69,80,100,4.14,overcast clouds
497,Rio Grande,BR,-32.035,-52.0986,76.64,44,0,15.28,clear sky
498,Ahmadpur East,PK,29.1431,71.2598,61.63,29,0,9.13,clear sky
499,Stonewall,CA,50.1344,-97.3268,-1.01,97,100,15.66,snow
500,Port Blair,IN,11.6667,92.75,73.6,73,70,8.61,broken clouds
501,Port-Gentil,GA,-0.7193,8.7815,80.94,78,100,5.03,overcast clouds
502,Marawi,PH,7.9986,124.2928,63.64,91,100,2.95,overcast clouds
503,Lunca Bradului,RO,46.956,25.1114,24.3,89,100,2.77,overcast clouds
504,Ojinaga,MX,29.5667,-104.4167,64.58,30,0,4.61,clear sky
505,Viking,CA,53.1001,-111.7684,30.74,85,35,13.22,scattered clouds
506,Maragogi,BR,-9.0122,-35.2225,82.36,72,8,14.79,clear sky
507,Saint-Pierre,RE,-21.3393,55.4781,80.28,78,0,16.11,clear sky
508,Acaponeta,MX,22.4964,-105.3594,96.87,9,100,4.12,overcast clouds
509,Vostok,RU,46.4856,135.8833,2.7,98,100,1.19,overcast clouds
510,Ancud,CL,-41.8697,-73.8203,79.23,72,24,6.06,few clouds
511,Emerald,AU,-23.5333,148.1667,67.33,77,0,10.98,clear sky
512,Juneau,US,58.3019,-134.4197,38.84,98,100,0.0,fog
513,Mount Gambier,AU,-37.8333,140.7667,60.71,94,100,9.22,overcast clouds
514,Batagay-Alyta,RU,67.8006,130.4114,-9.22,83,100,3.22,overcast clouds
515,Aksu,CN,41.1231,80.2644,29.03,40,8,4.32,clear sky
516,Shakhtinsk,KZ,49.71,72.5872,25.36,96,99,8.16,overcast clouds
517,Cayambe,EC,0.05,-78.1333,63.66,78,100,3.02,light rain
518,Lieksa,FI,63.3167,30.0167,30.6,97,100,14.07,light snow
519,Valisoara,RO,46.05,22.85,31.24,77,81,3.04,broken clouds
520,Missungwi,TZ,-2.85,33.0833,68.34,70,53,2.46,broken clouds
521,Mangai,CD,-4.05,19.5333,69.55,97,100,1.45,overcast clouds
522,Luebo,CD,-5.35,21.4167,70.54,95,100,1.54,overcast clouds
523,Chase,CA,50.8165,-119.6857,39.07,84,54,2.15,broken clouds
524,Byron Bay,AU,-28.65,153.6167,67.95,86,76,4.81,broken clouds
525,Dharchula,IN,29.85,80.5333,45.9,41,0,7.83,clear sky
526,Guru Har Sahai,IN,30.7167,74.4167,50.72,80,49,6.64,scattered clouds
527,Fethiye,TR,36.6217,29.1164,49.87,77,7,4.5,clear sky
528,Kirakira,SB,-10.4544,161.9205,79.48,84,97,8.48,moderate rain
529,Polyarnyy,RU,69.1989,33.4478,14.47,73,100,14.45,light snow
530,Espinosa,BR,-14.9261,-42.8192,77.65,81,24,2.59,few clouds
531,Sao Gabriel Da Cachoeira,BR,-0.1303,-67.0892,82.29,85,100,0.49,light rain
532,Deputatskiy,RU,69.3,139.9,-22.02,96,83,6.78,broken clouds
533,Richards Bay,ZA,-28.783,32.0377,75.78,91,44,4.5,scattered clouds
534,Balkanabat,TM,39.5108,54.3671,42.12,62,28,13.27,scattered clouds
535,Gushikawa,JP,26.3544,127.8686,63.63,94,40,12.66,light rain
536,Houma,US,29.5958,-90.7195,55.99,35,0,10.0,clear sky
537,Chara,RU,56.9064,118.2631,-25.22,85,88,0.69,overcast clouds
538,Sorland,NO,67.667,12.6934,33.66,59,100,25.84,light snow
539,Sicamous,CA,50.8331,-118.9856,40.12,95,65,1.9,broken clouds
540,Tarauaca,BR,-8.1614,-70.7656,81.27,91,100,1.74,overcast clouds
541,Tymovskoye,RU,50.8456,142.655,-7.4,100,98,2.53,overcast clouds
542,Lysva,RU,58.1086,57.8053,13.41,99,100,2.86,overcast clouds
543,Lakes Entrance,AU,-37.8811,147.981,65.57,68,100,4.34,overcast clouds
544,Gorlice,PL,49.6556,21.1604,33.39,84,8,6.71,clear sky
545,Joshimath,IN,30.5667,79.5667,37.78,41,0,8.75,clear sky
546,Along,IN,28.1667,94.7667,44.15,63,0,2.01,clear sky
547,Tautira,PF,-17.7333,-149.15,86.02,76,91,16.15,light rain
548,Kawalu,ID,-7.3817,108.2082,72.43,94,100,1.07,overcast clouds
549,Kupang,ID,-10.1667,123.5833,76.93,86,63,4.88,broken clouds
550,Fenelon Falls,CA,44.5334,-78.7496,12.09,70,100,4.99,overcast clouds
551,Whitianga,NZ,-36.8333,175.7,68.02,69,6,5.01,clear sky
552,Sakakah,SA,29.9697,40.2064,53.76,27,0,5.19,clear sky
553,Kununurra,AU,-15.7667,128.7333,80.58,74,75,17.27,broken clouds
554,La Crosse,US,43.8014,-91.2396,14.77,52,0,4.61,clear sky
555,Kieta,PG,-6.2167,155.6333,78.82,83,90,0.87,overcast clouds
556,Eyl,SO,7.9803,49.8164,75.07,70,88,19.24,overcast clouds
557,Takaungu,KE,-3.6837,39.8566,77.49,84,100,10.02,overcast clouds
558,Japura,ID,-0.3167,102.35,73.38,97,100,0.38,overcast clouds
559,Biaora,IN,23.8667,76.9167,60.06,31,0,5.86,clear sky
560,Srednekolymsk,RU,67.45,153.6833,-33.47,99,18,6.06,few clouds
561,Altyn-Topkan,TJ,40.6528,69.5998,28.87,79,67,4.63,broken clouds
562,Porto Santo,PT,33.072,-16.3415,60.71,67,20,10.36,few clouds
563,Springbok,ZA,-29.6643,17.8865,78.4,38,1,8.95,clear sky
564,Myanaung,MM,18.2833,95.3167,63.82,35,80,8.32,broken clouds
565,Yulara,AU,-25.2406,130.9889,66.04,42,3,9.22,clear sky
566,Morrope,PE,-6.5417,-80.0111,80.71,49,76,14.79,broken clouds
567,Luba,GQ,3.4568,8.5547,81.32,78,100,8.68,overcast clouds
568,Sovetskiy,RU,61.3614,63.5842,-9.2,100,90,2.24,overcast clouds
569,Yuma,US,32.7253,-114.6244,82.38,14,0,7.52,clear sky
570,Sabang,ID,5.8933,95.3214,81.61,74,49,8.75,scattered clouds
571,Pontianak,ID,-0.0333,109.3333,76.98,100,100,2.3,overcast clouds
572,Chagoda,RU,59.164,35.3285,27.91,90,100,10.71,overcast clouds
573,Santa Cruz,BO,-17.8,-63.1667,85.46,48,75,14.97,broken clouds
574,Olga,RU,43.7444,135.2892,10.15,75,18,6.69,few clouds
575,Shimoda,JP,34.6667,138.95,36.1,91,100,23.87,moderate rain
576,Bakel,SN,14.905,-12.4568,79.43,13,35,8.81,scattered clouds
577,Marsa Matruh,EG,31.3525,27.2453,57.15,66,4,8.01,clear sky
578,San Carlos De Bariloche,AR,-41.1456,-71.3082,85.75,13,0,25.32,clear sky
579,Nisia Floresta,BR,-6.0911,-35.2086,85.01,66,1,10.58,clear sky
580,Mapiripan,CO,2.8892,-72.1256,95.22,30,100,9.1,overcast clouds
581,Barcelona,ES,41.3888,2.159,56.77,84,40,13.8,scattered clouds
582,Terra Nova,BR,-12.3667,-40.6667,71.71,90,100,2.26,moderate rain
583,Tezu,IN,27.9167,96.1667,53.58,45,0,5.03,clear sky
584,Hovd,MN,48.0056,91.6419,-13.27,81,15,3.09,few clouds
585,Aktau,KZ,43.65,51.2,32.58,67,36,15.64,scattered clouds
586,Plettenberg Bay,ZA,-34.0527,23.3716,67.26,85,29,3.58,scattered clouds
587,Sisimiut,GL,66.9395,-53.6735,3.65,90,100,28.25,light snow
588,Hurghada,EG,27.2574,33.8129,62.46,42,0,12.71,clear sky
589,Ukhta,RU,63.5671,53.6835,-1.37,100,96,3.4,overcast clouds
590,Pastavy,BY,55.1168,26.8326,27.3,77,92,13.82,overcast clouds
591,Guiratinga,BR,-16.3494,-53.7583,81.95,73,41,3.89,scattered clouds
592,Ginda,IN,30.6945,78.4932,40.05,35,2,7.05,clear sky
593,Nizhniy Ufaley,RU,55.9153,59.9842,16.47,96,100,5.26,overcast clouds
594,Llandrindod Wells,GB,52.2416,-3.3787,47.88,96,100,9.75,overcast clouds
595,Lixourion,GR,38.2019,20.4314,53.24,78,9,6.04,clear sky
596,Malm,NO,64.0721,11.2172,34.79,91,91,6.44,overcast clouds
597,Havre-Saint-Pierre,CA,50.2334,-63.5986,5.85,66,10,10.25,clear sky
598,Guinope,HN,13.8833,-86.9333,85.84,21,1,11.97,clear sky
599,Makakilo City,US,21.3469,-158.0858,75.69,66,0,12.66,clear sky
600,Ekhabi,RU,53.5102,142.9671,-12.37,97,16,9.33,few clouds
601,Sibolga,ID,1.7427,98.7792,75.49,90,100,3.24,overcast clouds
602,Coromandel,BR,-18.4733,-47.2003,72.39,88,86,5.41,overcast clouds
603,Oro Valley,US,32.3909,-110.9665,78.58,11,0,5.01,clear sky
604,Mareeba,AU,-17.0,145.4333,71.47,90,14,2.28,few clouds
605,Roald,NO,62.5833,6.1333,39.9,93,75,3.44,broken clouds
606,Lazaro Cardenas,MX,17.9583,-102.2,85.75,42,64,9.51,broken clouds
607,Galle,LK,6.0367,80.217,74.01,87,100,8.93,overcast clouds
608,Beloretsk,RU,53.9631,58.3981,18.41,100,100,3.24,overcast clouds
609,Marsh Harbour,BS,26.5412,-77.0636,75.51,80,100,19.28,light rain
610,Sampit,ID,-2.5333,112.95,73.94,97,100,2.35,overcast clouds
611,Tiarei,PF,-17.5333,-149.3333,86.02,77,81,15.86,light rain
612,Barabinsk,RU,55.3571,78.357,19.9,97,100,2.98,snow
613,Poso,ID,-1.3959,120.7524,76.14,85,100,4.43,overcast clouds
614,Kapit,MY,2.0167,112.9333,73.8,96,96,0.83,overcast clouds
615,Jiaocheng,CN,24.6774,116.1389,48.22,96,99,3.67,overcast clouds
616,Big Spring,US,32.2504,-101.4787,60.53,23,0,6.91,clear sky
617,Kargil,IN,34.5667,76.1,2.71,94,100,1.48,overcast clouds
618,Starodub,RU,52.5844,32.7633,21.52,85,62,9.75,broken clouds
619,Sur,OM,22.5667,59.5289,71.98,68,0,4.0,clear sky
620,Harqalah,TN,36.0303,10.509,57.06,71,0,8.05,clear sky
621,Maningrida,AU,-12.0667,134.2667,76.21,84,8,6.42,clear sky
622,Haldensleben,DE,52.2891,11.4098,46.11,69,100,13.51,overcast clouds
623,La Asuncion,VE,11.0333,-63.8628,79.41,69,89,19.48,overcast clouds
624,Vanimo,PG,-2.6741,141.3028,77.4,89,99,5.57,overcast clouds
625,Tura,IN,25.5198,90.2201,54.39,70,0,4.59,clear sky
626,Iranduba,BR,-3.2847,-60.1861,82.69,82,100,2.3,overcast clouds
627,Konevo,RU,62.1215,39.3192,22.28,95,100,8.57,light snow
628,Tsabong,BW,-26.0217,22.401,84.61,21,69,8.37,broken clouds
629,Goderich,CA,43.7501,-81.7165,17.91,75,100,1.05,light snow
630,Bowen,AU,-20.0167,148.2333,78.66,63,42,19.53,scattered clouds
631,Cardston,CA,49.2,-113.3019,41.43,44,100,4.25,overcast clouds
632,Lukang,TW,24.0567,120.4352,65.44,94,100,13.62,light rain
633,Jyvaskyla,FI,62.2415,25.7209,34.16,95,100,9.22,overcast clouds
634,Belmonte,BR,-15.8631,-38.8828,81.1,87,100,10.42,overcast clouds
635,Qui Nhon,VN,13.7667,109.2333,73.99,91,92,7.92,overcast clouds
636,Pathein,MM,16.7833,94.7333,63.14,82,30,6.2,scattered clouds
637,Portland,US,45.5234,-122.6762,61.84,46,0,5.75,clear sky
638,Tizimin,MX,21.15,-88.15,76.73,62,85,14.18,overcast clouds
639,Acajutla,SV,13.5928,-89.8275,93.79,53,27,7.43,scattered clouds
640,Miri,MY,4.4148,114.0089,75.67,93,98,2.53,overcast clouds
641,Ariquemes,BR,-9.9133,-63.0408,74.68,92,100,2.57,overcast clouds
642,Los Llanos De Aridane,ES,28.6585,-17.9182,62.35,67,20,10.36,few clouds
643,Yeppoon,AU,-23.1333,150.7333,69.58,81,21,15.73,few clouds
644,Inuvik,CA,68.3499,-133.7218,-19.64,91,100,2.66,overcast clouds
645,Kamakwie,SL,9.5,-12.2333,85.24,19,30,2.62,scattered clouds
646,Harlingen,US,26.1906,-97.6961,64.49,27,0,8.05,clear sky
647,Keti Bandar,PK,24.1447,67.4497,69.06,57,0,8.01,clear sky
648,Koslan,RU,63.4564,48.8989,4.33,100,93,3.56,overcast clouds
649,Paso De Carrasco,UY,-34.8603,-56.0522,74.25,52,40,12.66,scattered clouds
650,Tonstad,NO,58.6626,6.7169,42.62,100,100,4.03,light rain
651,Sioux Lookout,CA,50.1001,-91.917,0.7,76,100,6.6,overcast clouds
652,Dubbo,AU,-32.25,148.6167,60.93,82,100,10.36,overcast clouds
653,Wattegama,LK,6.7989,81.4808,70.66,91,100,3.94,overcast clouds
654,College,US,64.8569,-147.8028,14.79,82,100,0.0,light snow
655,Natal,BR,-5.795,-35.2094,84.85,70,20,17.27,few clouds
656,Nyurba,RU,63.2842,118.3319,-22.23,100,98,1.34,overcast clouds
657,Mglin,RU,53.0591,32.8475,22.24,82,89,10.4,overcast clouds
658,Grindavik,IS,63.8424,-22.4338,28.87,93,75,6.91,broken clouds
659,Canoinhas,BR,-26.1772,-50.39,67.87,86,97,1.48,overcast clouds
660,Andapa,MG,-14.65,49.65,68.25,98,35,1.86,scattered clouds
661,Lisakovsk,KZ,52.5369,62.4936,18.99,96,100,5.5,light snow
662,Mitsamiouli,KM,-11.3847,43.2844,80.83,80,9,2.3,clear sky
663,Mogzon,RU,51.7435,111.9606,-27.44,100,90,1.36,overcast clouds
664,Sorrento,IT,40.626,14.3744,52.29,92,30,5.73,scattered clouds
665,Mojoagung,ID,-7.5667,112.35,76.59,98,100,2.06,overcast clouds
666,Lusambo,CD,-4.9667,23.45,72.07,90,100,0.56,overcast clouds
667,Churapcha,RU,62.0025,132.4325,-30.01,100,89,2.15,overcast clouds
668,Alta Floresta,BR,-9.8756,-56.0861,76.62,93,100,2.08,overcast clouds
669,Rassvet,RU,46.8333,40.75,30.25,77,0,2.82,clear sky
670,Talcahuano,CL,-36.7167,-73.1167,61.54,86,43,10.42,scattered clouds
671,San Vicente,AR,-26.6167,-54.1333,85.78,38,88,5.19,overcast clouds
672,Leticia,CO,-4.2153,-69.9406,78.85,89,75,4.61,light rain
673,Asau,RO,46.4333,26.4,29.95,83,100,3.71,overcast clouds
674,Zhaoqing,CN,23.0512,112.4597,51.91,89,61,3.38,broken clouds
675,Ewa Beach,US,21.3156,-158.0072,77.09,66,20,12.66,few clouds
676,Kure,JP,34.2333,132.5667,43.52,79,100,10.6,overcast clouds
677,Gazojak,TM,41.1875,61.4036,43.16,57,99,12.57,overcast clouds
678,Rumoi,JP,43.9344,141.6428,20.62,91,100,4.97,light snow
679,Fairbanks,US,64.8378,-147.7164,13.82,84,100,0.0,light snow
680,San Policarpo,PH,12.1791,125.5072,78.64,80,99,12.57,overcast clouds
681,San Pedro,PH,14.35,121.0167,77.36,90,100,7.05,overcast clouds
682,Garowe,SO,8.4054,48.4845,69.49,75,36,16.62,scattered clouds
683,Teluk Nibung,ID,3.001,99.8164,75.04,93,91,4.18,overcast clouds
684,Keflavik,IS,64.0049,-22.5624,28.83,93,75,6.91,broken clouds
685,Mariental,NA,-24.6333,17.9667,71.69,61,90,15.3,light rain
686,Cururupu,BR,-1.8283,-44.8683,81.84,70,45,5.44,scattered clouds
687,Ryotsu,JP,38.0833,138.4333,36.1,69,100,10.96,overcast clouds
688,Nizwa,OM,22.9333,57.5333,64.13,61,0,3.6,clear sky
689,Ketchikan,US,55.3422,-131.6461,44.06,83,100,5.48,overcast clouds
690,Aquiraz,BR,-3.9014,-38.3911,84.29,75,19,9.71,few clouds
691,North Bend,US,43.4065,-124.2243,52.16,87,75,4.61,broken clouds
